Manufacturer,Link
1Beyond,https://www.driverscape.com/manufacturers/1beyond
2002 Design,https://www.driverscape.com/manufacturers/2002+design
2N Telekomunikace,https://www.driverscape.com/manufacturers/2n+telekomunikace
2SE,https://www.driverscape.com/manufacturers/2se
2Wire,https://www.driverscape.com/manufacturers/2wire
3Com,https://www.driverscape.com/manufacturers/3com
3D Robotics,https://www.driverscape.com/manufacturers/3d+robotics
3Dconnexion,https://www.driverscape.com/manufacturers/3dconnexion
3dfx Interactive,https://www.driverscape.com/manufacturers/3dfx+interactive
3DiJoy,https://www.driverscape.com/manufacturers/3dijoy
3Dlabs,https://www.driverscape.com/manufacturers/3dlabs
3DSP,https://www.driverscape.com/manufacturers/3dsp
3Gstick,https://www.driverscape.com/manufacturers/3gstick
3GUSB,https://www.driverscape.com/manufacturers/3gusb
3M,https://www.driverscape.com/manufacturers/3m
3NOD,https://www.driverscape.com/manufacturers/3nod
3System,https://www.driverscape.com/manufacturers/3system
3ware,https://www.driverscape.com/manufacturers/3ware
4-Ever Electronics NV,https://www.driverscape.com/manufacturers/4-ever+electronics+nv
4G Systems GmbH,https://www.driverscape.com/manufacturers/4g+systems+gmbh
6mon Informatique,https://www.driverscape.com/manufacturers/6mon+informatique
A-Eberle,https://www.driverscape.com/manufacturers/a-eberle
A-Link Europe,https://www.driverscape.com/manufacturers/a-link+europe
A.P. Van Den Berg,https://www.driverscape.com/manufacturers/a.p.+van+den+berg
A4Tech,https://www.driverscape.com/manufacturers/a4tech
A8 Color Scanner,https://www.driverscape.com/manufacturers/a8+color+scanner
A8 Scanner,https://www.driverscape.com/manufacturers/a8+scanner
10moons,https://www.driverscape.com/manufacturers/10moons
AAEON,https://www.driverscape.com/manufacturers/aaeon
Aardvark,https://www.driverscape.com/manufacturers/aardvark
Aaronia,https://www.driverscape.com/manufacturers/aaronia
Aaronn Electronic,https://www.driverscape.com/manufacturers/aaronn+electronic
Abaxis,https://www.driverscape.com/manufacturers/abaxis
ABB,https://www.driverscape.com/manufacturers/abb
Abbott Labs (ADC),https://www.driverscape.com/manufacturers/abbott+labs+%28adc%29
Abilis,https://www.driverscape.com/manufacturers/abilis
ABISee,https://www.driverscape.com/manufacturers/abisee
ABIT,https://www.driverscape.com/manufacturers/abit
ABook,https://www.driverscape.com/manufacturers/abook
ACARD,https://www.driverscape.com/manufacturers/acard
Accapella,https://www.driverscape.com/manufacturers/accapella
Accell,https://www.driverscape.com/manufacturers/accell
ACCEPT,https://www.driverscape.com/manufacturers/accept
ACCES I/O Products,https://www.driverscape.com/manufacturers/acces+i%2Fo+products
Access,https://www.driverscape.com/manufacturers/access
AccessData,https://www.driverscape.com/manufacturers/accessdata
Accton,https://www.driverscape.com/manufacturers/accton
Accusys,https://www.driverscape.com/manufacturers/accusys
ACEECA,https://www.driverscape.com/manufacturers/aceeca
Acer,https://www.driverscape.com/manufacturers/acer
ACME,https://www.driverscape.com/manufacturers/acme
ACORP,https://www.driverscape.com/manufacturers/acorp
ACPI,https://www.driverscape.com/manufacturers/acpi
ACR,https://www.driverscape.com/manufacturers/acr
Acronis,https://www.driverscape.com/manufacturers/acronis
Acrosser,https://www.driverscape.com/manufacturers/acrosser
ACRSYS,https://www.driverscape.com/manufacturers/acrsys
ACS,https://www.driverscape.com/manufacturers/acs
ACT,https://www.driverscape.com/manufacturers/act
ACTEBIS,https://www.driverscape.com/manufacturers/actebis
Actel,https://www.driverscape.com/manufacturers/actel
ACTIA,https://www.driverscape.com/manufacturers/actia
Actikey,https://www.driverscape.com/manufacturers/actikey
ACTION,https://www.driverscape.com/manufacturers/action
Actions,https://www.driverscape.com/manufacturers/actions
Actions Microelectronics,https://www.driverscape.com/manufacturers/actions+microelectronics
Actiontec,https://www.driverscape.com/manufacturers/actiontec
ActivCard,https://www.driverscape.com/manufacturers/activcard
Active Development,https://www.driverscape.com/manufacturers/active+development
ActivIdentity,https://www.driverscape.com/manufacturers/actividentity
ACTIVO,https://www.driverscape.com/manufacturers/activo
"AD-Teknik AB, Sweden",https://www.driverscape.com/manufacturers/ad-teknik+ab%2C+sweden
Adafruit Industries,https://www.driverscape.com/manufacturers/adafruit+industries
Adaptec,https://www.driverscape.com/manufacturers/adaptec
Adaptronic,https://www.driverscape.com/manufacturers/adaptronic
ADB,https://www.driverscape.com/manufacturers/adb
ADChips,https://www.driverscape.com/manufacturers/adchips
ADD-X UNIKA,https://www.driverscape.com/manufacturers/add-x+unika
ADDI-DATA,https://www.driverscape.com/manufacturers/addi-data
Addimat,https://www.driverscape.com/manufacturers/addimat
Addonics,https://www.driverscape.com/manufacturers/addonics
ADesk,https://www.driverscape.com/manufacturers/adesk
ADI,https://www.driverscape.com/manufacturers/adi
ADLINK,https://www.driverscape.com/manufacturers/adlink
Adlink,https://www.driverscape.com/manufacturers/adlink
ADMtek,https://www.driverscape.com/manufacturers/admtek
ADS,https://www.driverscape.com/manufacturers/ads
ADS TECHNOLOGIES 1.0.0,https://www.driverscape.com/manufacturers/ads+technologies+1.0.0
Adstec,https://www.driverscape.com/manufacturers/adstec
ADTEC,https://www.driverscape.com/manufacturers/adtec
ADVAN,https://www.driverscape.com/manufacturers/advan
ADVANC,https://www.driverscape.com/manufacturers/advanc
ADVANCE,https://www.driverscape.com/manufacturers/advance
Advanced Card,https://www.driverscape.com/manufacturers/advanced+card
Advanced Diagnostics,https://www.driverscape.com/manufacturers/advanced+diagnostics
"Advanced Multimedia Technology Co.,Ltd. Korea",https://www.driverscape.com/manufacturers/advanced+multimedia+technology+co.%2Cltd.+korea
Advanced Technical,https://www.driverscape.com/manufacturers/advanced+technical
Advanced Tracking,https://www.driverscape.com/manufacturers/advanced+tracking
Advantage Technology And Innovations,https://www.driverscape.com/manufacturers/advantage+technology+and+innovations
Advantech,https://www.driverscape.com/manufacturers/advantech
Advent,https://www.driverscape.com/manufacturers/advent
AEI,https://www.driverscape.com/manufacturers/aei
AeroGATE,https://www.driverscape.com/manufacturers/aerogate
Aerolution,https://www.driverscape.com/manufacturers/aerolution
AfaTech,https://www.driverscape.com/manufacturers/afatech
Aficio,https://www.driverscape.com/manufacturers/aficio
AFOX,https://www.driverscape.com/manufacturers/afox
AG Neovo,https://www.driverscape.com/manufacturers/ag+neovo
AgaMatrix,https://www.driverscape.com/manufacturers/agamatrix
AGEIA,https://www.driverscape.com/manufacturers/ageia
Agere,https://www.driverscape.com/manufacturers/agere
Agfa,https://www.driverscape.com/manufacturers/agfa
AGFEO GmbH & Co. KG,https://www.driverscape.com/manufacturers/agfeo+gmbh+%26+co.+kg
Agilent,https://www.driverscape.com/manufacturers/agilent
AGneovo,https://www.driverscape.com/manufacturers/agneovo
AGORUS,https://www.driverscape.com/manufacturers/agorus
AGS,https://www.driverscape.com/manufacturers/ags
Ahead Software,https://www.driverscape.com/manufacturers/ahead+software
AidCall,https://www.driverscape.com/manufacturers/aidcall
Aidem,https://www.driverscape.com/manufacturers/aidem
Aigo,https://www.driverscape.com/manufacturers/aigo
AIM_srl,https://www.driverscape.com/manufacturers/aim_srl
AIPHONE,https://www.driverscape.com/manufacturers/aiphone
AIPTEK,https://www.driverscape.com/manufacturers/aiptek
AIR COMPUTERS SRL,https://www.driverscape.com/manufacturers/air+computers+srl
Air Techniques,https://www.driverscape.com/manufacturers/air+techniques
Airgo Networks,https://www.driverscape.com/manufacturers/airgo+networks
AIRIS,https://www.driverscape.com/manufacturers/airis
Airlink,https://www.driverscape.com/manufacturers/airlink
AirNav,https://www.driverscape.com/manufacturers/airnav
AirTies,https://www.driverscape.com/manufacturers/airties
AIT,https://www.driverscape.com/manufacturers/ait
AJA Video,https://www.driverscape.com/manufacturers/aja+video
AK MODUL-BUS,https://www.driverscape.com/manufacturers/ak+modul-bus
Akai,https://www.driverscape.com/manufacturers/akai
Akerstroms,https://www.driverscape.com/manufacturers/akerstroms
AKONII,https://www.driverscape.com/manufacturers/akonii
Aktiv,https://www.driverscape.com/manufacturers/aktiv
Alacron,https://www.driverscape.com/manufacturers/alacron
Aladdin Knowledge,https://www.driverscape.com/manufacturers/aladdin+knowledge
Alara,https://www.driverscape.com/manufacturers/alara
ALASKA,https://www.driverscape.com/manufacturers/alaska
Albatron,https://www.driverscape.com/manufacturers/albatron
Alcatel,https://www.driverscape.com/manufacturers/alcatel
Alcormicro,https://www.driverscape.com/manufacturers/alcormicro
Alef-Bet,https://www.driverscape.com/manufacturers/alef-bet
Alereon,https://www.driverscape.com/manufacturers/alereon
Alesis,https://www.driverscape.com/manufacturers/alesis
ALFA-MED,https://www.driverscape.com/manufacturers/alfa-med
ALFAMED,https://www.driverscape.com/manufacturers/alfamed
ALFATRON SpA,https://www.driverscape.com/manufacturers/alfatron+spa
Alge-Timing,https://www.driverscape.com/manufacturers/alge-timing
Algorithm,https://www.driverscape.com/manufacturers/algorithm
Ali,https://www.driverscape.com/manufacturers/ali
Alienware,https://www.driverscape.com/manufacturers/alienware
Alitronika DVS,https://www.driverscape.com/manufacturers/alitronika+dvs
All Industrial,https://www.driverscape.com/manufacturers/all+industrial
AllDSP GmbH & Co. KG,https://www.driverscape.com/manufacturers/alldsp+gmbh+%26+co.+kg
Allen & Heath,https://www.driverscape.com/manufacturers/allen+%26+heath
Allen-Bradley,https://www.driverscape.com/manufacturers/allen-bradley
Allied,https://www.driverscape.com/manufacturers/allied
ALPHA PROJECT,https://www.driverscape.com/manufacturers/alpha+project
Alpine Biomed,https://www.driverscape.com/manufacturers/alpine+biomed
Alps,https://www.driverscape.com/manufacturers/alps
Altair,https://www.driverscape.com/manufacturers/altair
Altec,https://www.driverscape.com/manufacturers/altec
ALTECH,https://www.driverscape.com/manufacturers/altech
Altera,https://www.driverscape.com/manufacturers/altera
Alti-2,https://www.driverscape.com/manufacturers/alti-2
Altium,https://www.driverscape.com/manufacturers/altium
ALVA,https://www.driverscape.com/manufacturers/alva
ALWARE,https://www.driverscape.com/manufacturers/alware
ALWIL Software,https://www.driverscape.com/manufacturers/alwil+software
AM2ES,https://www.driverscape.com/manufacturers/am2es
Amazon.com,https://www.driverscape.com/manufacturers/amazon.com
AmbiCom,https://www.driverscape.com/manufacturers/ambicom
Ambient,https://www.driverscape.com/manufacturers/ambient
Ambir,https://www.driverscape.com/manufacturers/ambir
Ambit Microsystems,https://www.driverscape.com/manufacturers/ambit+microsystems
AMCC,https://www.driverscape.com/manufacturers/amcc
AMD & ATI,https://www.driverscape.com/manufacturers/amd+%26+ati
AME,https://www.driverscape.com/manufacturers/ame
AME OPTIMEDIA,https://www.driverscape.com/manufacturers/ame+optimedia
AMEDTEC Medizintechnik Aue,https://www.driverscape.com/manufacturers/amedtec+medizintechnik+aue
American Audio,https://www.driverscape.com/manufacturers/american+audio
American Medical,https://www.driverscape.com/manufacturers/american+medical
American Megatrends,https://www.driverscape.com/manufacturers/american+megatrends
American Power Conversion,https://www.driverscape.com/manufacturers/american+power+conversion
American Scope,https://www.driverscape.com/manufacturers/american+scope
Americanfuture,https://www.driverscape.com/manufacturers/americanfuture
AMI,https://www.driverscape.com/manufacturers/ami
Amitech,https://www.driverscape.com/manufacturers/amitech
Amix,https://www.driverscape.com/manufacturers/amix
AML,https://www.driverscape.com/manufacturers/aml
Amnafzar,https://www.driverscape.com/manufacturers/amnafzar
Amoi,https://www.driverscape.com/manufacturers/amoi
Amt-Cartech,https://www.driverscape.com/manufacturers/amt-cartech
AMtek,https://www.driverscape.com/manufacturers/amtek
AMX,https://www.driverscape.com/manufacturers/amx
AnabelleB,https://www.driverscape.com/manufacturers/anabelleb
Analog Devices,https://www.driverscape.com/manufacturers/analog+devices
AnchorChips,https://www.driverscape.com/manufacturers/anchorchips
Anchorfree,https://www.driverscape.com/manufacturers/anchorfree
Andrea,https://www.driverscape.com/manufacturers/andrea
Android,https://www.driverscape.com/manufacturers/android
Anhoch,https://www.driverscape.com/manufacturers/anhoch
Animation,https://www.driverscape.com/manufacturers/animation
AnMo,https://www.driverscape.com/manufacturers/anmo
Anoto AB,https://www.driverscape.com/manufacturers/anoto+ab
Antelope Audio,https://www.driverscape.com/manufacturers/antelope+audio
Antrax Datentechnik,https://www.driverscape.com/manufacturers/antrax+datentechnik
ANUBIS Electronic,https://www.driverscape.com/manufacturers/anubis+electronic
ANYCOM,https://www.driverscape.com/manufacturers/anycom
Anydata,https://www.driverscape.com/manufacturers/anydata
Anyka (Guangzhou) Software,https://www.driverscape.com/manufacturers/anyka+%28guangzhou%29+software
AOC,https://www.driverscape.com/manufacturers/aoc
AOpen,https://www.driverscape.com/manufacturers/aopen
AOS,https://www.driverscape.com/manufacturers/aos
AoxQTProgInstall,https://www.driverscape.com/manufacturers/aoxqtproginstall
APC By Schneider Electric,https://www.driverscape.com/manufacturers/apc+by+schneider+electric
APC4R,https://www.driverscape.com/manufacturers/apc4r
Apowersoft,https://www.driverscape.com/manufacturers/apowersoft
Apperson Education Products,https://www.driverscape.com/manufacturers/apperson+education+products
Apple,https://www.driverscape.com/manufacturers/apple
Applied Drivers,https://www.driverscape.com/manufacturers/applied+drivers
Aptina,https://www.driverscape.com/manufacturers/aptina
Aquarius,https://www.driverscape.com/manufacturers/aquarius
AQVOX,https://www.driverscape.com/manufacturers/aqvox
Aralion,https://www.driverscape.com/manufacturers/aralion
Araneus,https://www.driverscape.com/manufacturers/araneus
ARANZ Scanning,https://www.driverscape.com/manufacturers/aranz+scanning
ARBYTE,https://www.driverscape.com/manufacturers/arbyte
Arcadyan,https://www.driverscape.com/manufacturers/arcadyan
ARCAM,https://www.driverscape.com/manufacturers/arcam
ARCELIK,https://www.driverscape.com/manufacturers/arcelik
Archos,https://www.driverscape.com/manufacturers/archos
Arcor,https://www.driverscape.com/manufacturers/arcor
ArcSoft,https://www.driverscape.com/manufacturers/arcsoft
Arcus,https://www.driverscape.com/manufacturers/arcus
Arduino LLC (www.arduino.cc),https://www.driverscape.com/manufacturers/arduino+llc+%28www.arduino.cc%29
Areca,https://www.driverscape.com/manufacturers/areca
Argosy Research,https://www.driverscape.com/manufacturers/argosy+research
Argox,https://www.driverscape.com/manufacturers/argox
Argus Over USB,https://www.driverscape.com/manufacturers/argus+over+usb
ARIMA,https://www.driverscape.com/manufacturers/arima
ARISTO,https://www.driverscape.com/manufacturers/aristo
ARKRAY,https://www.driverscape.com/manufacturers/arkray
ARLT Computer Produkte,https://www.driverscape.com/manufacturers/arlt+computer+produkte
ARM,https://www.driverscape.com/manufacturers/arm
Arma,https://www.driverscape.com/manufacturers/arma
ARO,https://www.driverscape.com/manufacturers/aro
Arquimedes Automacao,https://www.driverscape.com/manufacturers/arquimedes+automacao
ARRIS,https://www.driverscape.com/manufacturers/arris
ARROWLOG,https://www.driverscape.com/manufacturers/arrowlog
ArsysIC,https://www.driverscape.com/manufacturers/arsysic
Artas E14CT0X,https://www.driverscape.com/manufacturers/artas+e14ct0x
Asahi Optical,https://www.driverscape.com/manufacturers/asahi+optical
ASD,https://www.driverscape.com/manufacturers/asd
ASEM,https://www.driverscape.com/manufacturers/asem
ASEMspa,https://www.driverscape.com/manufacturers/asemspa
Asetek,https://www.driverscape.com/manufacturers/asetek
Ashly Audio,https://www.driverscape.com/manufacturers/ashly+audio
ASIA_PACIFIC,https://www.driverscape.com/manufacturers/asia_pacific
Asicen,https://www.driverscape.com/manufacturers/asicen
ASIX,https://www.driverscape.com/manufacturers/asix
ASIX S.r.o,https://www.driverscape.com/manufacturers/asix+s.r.o
ASK,https://www.driverscape.com/manufacturers/ask
Ask Computer Electronic,https://www.driverscape.com/manufacturers/ask+computer+electronic
ASKA,https://www.driverscape.com/manufacturers/aska
Askey,https://www.driverscape.com/manufacturers/askey
ASL,https://www.driverscape.com/manufacturers/asl
ASMedia,https://www.driverscape.com/manufacturers/asmedia
ASPEED,https://www.driverscape.com/manufacturers/aspeed
ASRock,https://www.driverscape.com/manufacturers/asrock
ASSET,https://www.driverscape.com/manufacturers/asset
AST,https://www.driverscape.com/manufacturers/ast
Astar,https://www.driverscape.com/manufacturers/astar
Astro-Med,https://www.driverscape.com/manufacturers/astro-med
AstroMachine,https://www.driverscape.com/manufacturers/astromachine
ASUS,https://www.driverscape.com/manufacturers/asus
AT,https://www.driverscape.com/manufacturers/at
AT&T,https://www.driverscape.com/manufacturers/at%26t
ATECFLATOP,https://www.driverscape.com/manufacturers/atecflatop
ATEL,https://www.driverscape.com/manufacturers/atel
ATEN,https://www.driverscape.com/manufacturers/aten
ATEQ,https://www.driverscape.com/manufacturers/ateq
Athena Smartcard,https://www.driverscape.com/manufacturers/athena+smartcard
ATK,https://www.driverscape.com/manufacturers/atk
ATLAS Copco,https://www.driverscape.com/manufacturers/atlas+copco
ATMEL,https://www.driverscape.com/manufacturers/atmel
Atmel Touch (c),https://www.driverscape.com/manufacturers/atmel+touch+%28c%29
Atomix Productions,https://www.driverscape.com/manufacturers/atomix+productions
AtomixProductions,https://www.driverscape.com/manufacturers/atomixproductions
ATrack,https://www.driverscape.com/manufacturers/atrack
ATRONEXTECH,https://www.driverscape.com/manufacturers/atronextech
ATTO,https://www.driverscape.com/manufacturers/atto
Audio,https://www.driverscape.com/manufacturers/audio
AUDIO PHONY,https://www.driverscape.com/manufacturers/audio+phony
Audio Precision,https://www.driverscape.com/manufacturers/audio+precision
AUDIO RESEARCH,https://www.driverscape.com/manufacturers/audio+research
Audio-gd,https://www.driverscape.com/manufacturers/audio-gd
AudioScience,https://www.driverscape.com/manufacturers/audioscience
AUDIOTRAK Products,https://www.driverscape.com/manufacturers/audiotrak+products
Auerswald,https://www.driverscape.com/manufacturers/auerswald
Auerswald GmbH & Co. KG,https://www.driverscape.com/manufacturers/auerswald+gmbh+%26+co.+kg
Aug. Winkhaus GmbH & Co KG,https://www.driverscape.com/manufacturers/aug.+winkhaus+gmbh+%26+co+kg
Aureal,https://www.driverscape.com/manufacturers/aureal
AURES,https://www.driverscape.com/manufacturers/aures
Auterra,https://www.driverscape.com/manufacturers/auterra
Authenex,https://www.driverscape.com/manufacturers/authenex
AuthenTec,https://www.driverscape.com/manufacturers/authentec
AUTO M3,https://www.driverscape.com/manufacturers/auto+m3
Auto-Intern,https://www.driverscape.com/manufacturers/auto-intern
Autocom,https://www.driverscape.com/manufacturers/autocom
Autodiagnos,https://www.driverscape.com/manufacturers/autodiagnos
Autoland,https://www.driverscape.com/manufacturers/autoland
Automation Direct,https://www.driverscape.com/manufacturers/automation+direct
AutomationDirect,https://www.driverscape.com/manufacturers/automationdirect
Autotronic Controls,https://www.driverscape.com/manufacturers/autotronic+controls
AutoXray USB To SDL Cable Driver,https://www.driverscape.com/manufacturers/autoxray+usb+to+sdl+cable+driver
AUTRONIC,https://www.driverscape.com/manufacturers/autronic
Auvitek,https://www.driverscape.com/manufacturers/auvitek
Auzentech,https://www.driverscape.com/manufacturers/auzentech
Avance Logic,https://www.driverscape.com/manufacturers/avance+logic
Avanquest Software,https://www.driverscape.com/manufacturers/avanquest+software
Avatron Software,https://www.driverscape.com/manufacturers/avatron+software
AVC,https://www.driverscape.com/manufacturers/avc
AVD,https://www.driverscape.com/manufacturers/avd
AVEO,https://www.driverscape.com/manufacturers/aveo
Avermedia,https://www.driverscape.com/manufacturers/avermedia
AVHybrid,https://www.driverscape.com/manufacturers/avhybrid
Aviclink,https://www.driverscape.com/manufacturers/aviclink
Avid,https://www.driverscape.com/manufacturers/avid
Avionica,https://www.driverscape.com/manufacturers/avionica
Avira,https://www.driverscape.com/manufacturers/avira
Avision,https://www.driverscape.com/manufacturers/avision
AVM,https://www.driverscape.com/manufacturers/avm
Avocent,https://www.driverscape.com/manufacturers/avocent
AVSTAR,https://www.driverscape.com/manufacturers/avstar
AVTOadapter.RU,https://www.driverscape.com/manufacturers/avtoadapter.ru
AWARD,https://www.driverscape.com/manufacturers/award
AWLAN,https://www.driverscape.com/manufacturers/awlan
Axalto,https://www.driverscape.com/manufacturers/axalto
Axesstel,https://www.driverscape.com/manufacturers/axesstel
Axicon Auto ID,https://www.driverscape.com/manufacturers/axicon+auto+id
AXIOO,https://www.driverscape.com/manufacturers/axioo
Axiz,https://www.driverscape.com/manufacturers/axiz
AXPER,https://www.driverscape.com/manufacturers/axper
AXYZ,https://www.driverscape.com/manufacturers/axyz
Azpen,https://www.driverscape.com/manufacturers/azpen
AZT,https://www.driverscape.com/manufacturers/azt
AzureWave,https://www.driverscape.com/manufacturers/azurewave
AZZA,https://www.driverscape.com/manufacturers/azza
B&B,https://www.driverscape.com/manufacturers/b%26b
B2C2,https://www.driverscape.com/manufacturers/b2c2
Babilon,https://www.driverscape.com/manufacturers/babilon
Bacharach,https://www.driverscape.com/manufacturers/bacharach
BAFO,https://www.driverscape.com/manufacturers/bafo
Ballard,https://www.driverscape.com/manufacturers/ballard
Baltech,https://www.driverscape.com/manufacturers/baltech
BandRich,https://www.driverscape.com/manufacturers/bandrich
Bang & Olufsen,https://www.driverscape.com/manufacturers/bang+%26+olufsen
"Bang & Olufsen, Denmark",https://www.driverscape.com/manufacturers/bang+%26+olufsen%2C+denmark
BANGHO,https://www.driverscape.com/manufacturers/bangho
Bar Code Printer,https://www.driverscape.com/manufacturers/bar+code+printer
Barco,https://www.driverscape.com/manufacturers/barco
BarcoView,https://www.driverscape.com/manufacturers/barcoview
BarDrawer,https://www.driverscape.com/manufacturers/bardrawer
Bartec,https://www.driverscape.com/manufacturers/bartec
Bartec Auto ID,https://www.driverscape.com/manufacturers/bartec+auto+id
BASIS Science,https://www.driverscape.com/manufacturers/basis+science
Basler Vision,https://www.driverscape.com/manufacturers/basler+vision
BAUM Retec,https://www.driverscape.com/manufacturers/baum+retec
Baumer Optronic GmbH - Germany,https://www.driverscape.com/manufacturers/baumer+optronic+gmbh+-+germany
BCM,https://www.driverscape.com/manufacturers/bcm
Beamz Interactive,https://www.driverscape.com/manufacturers/beamz+interactive
BEC,https://www.driverscape.com/manufacturers/bec
Beceem,https://www.driverscape.com/manufacturers/beceem
Beckhoff,https://www.driverscape.com/manufacturers/beckhoff
Beckhoff Automation,https://www.driverscape.com/manufacturers/beckhoff+automation
"Becton, Dickinson And",https://www.driverscape.com/manufacturers/becton%2C+dickinson+and
BEE,https://www.driverscape.com/manufacturers/bee
Beetel,https://www.driverscape.com/manufacturers/beetel
Beholder,https://www.driverscape.com/manufacturers/beholder
Behringer,https://www.driverscape.com/manufacturers/behringer
Beijing GDA,https://www.driverscape.com/manufacturers/beijing+gda
BeiJing JCZ,https://www.driverscape.com/manufacturers/beijing+jcz
Beijing MeiKeYi,https://www.driverscape.com/manufacturers/beijing+meikeyi
Beijing Senselock,https://www.driverscape.com/manufacturers/beijing+senselock
Beijing Tianyu Communication Equipment,https://www.driverscape.com/manufacturers/beijing+tianyu+communication+equipment
Beissbarth,https://www.driverscape.com/manufacturers/beissbarth
Beiyang,https://www.driverscape.com/manufacturers/beiyang
Bekopc,https://www.driverscape.com/manufacturers/bekopc
Belcarra,https://www.driverscape.com/manufacturers/belcarra
BELIMO,https://www.driverscape.com/manufacturers/belimo
Belkin,https://www.driverscape.com/manufacturers/belkin
Bematech,https://www.driverscape.com/manufacturers/bematech
Benchmark,https://www.driverscape.com/manufacturers/benchmark
BenQ,https://www.driverscape.com/manufacturers/benq
BenQ DC,https://www.driverscape.com/manufacturers/benq+dc
BenQ Siemens,https://www.driverscape.com/manufacturers/benq+siemens
Bentel Security,https://www.driverscape.com/manufacturers/bentel+security
BENZING,https://www.driverscape.com/manufacturers/benzing
Benzle,https://www.driverscape.com/manufacturers/benzle
Berk,https://www.driverscape.com/manufacturers/berk
Berker,https://www.driverscape.com/manufacturers/berker
BERNINA,https://www.driverscape.com/manufacturers/bernina
Best Data,https://www.driverscape.com/manufacturers/best+data
BestScope,https://www.driverscape.com/manufacturers/bestscope
Bestunar,https://www.driverscape.com/manufacturers/bestunar
BETASAT,https://www.driverscape.com/manufacturers/betasat
BetterLight,https://www.driverscape.com/manufacturers/betterlight
Bewan,https://www.driverscape.com/manufacturers/bewan
BFG,https://www.driverscape.com/manufacturers/bfg
BGH,https://www.driverscape.com/manufacturers/bgh
BGT,https://www.driverscape.com/manufacturers/bgt
Bigfoot,https://www.driverscape.com/manufacturers/bigfoot
Bihl+Wiedemann,https://www.driverscape.com/manufacturers/bihl%2Bwiedemann
Billion Electric,https://www.driverscape.com/manufacturers/billion+electric
Billionton,https://www.driverscape.com/manufacturers/billionton
Bio-Rad,https://www.driverscape.com/manufacturers/bio-rad
BioAge Testing,https://www.driverscape.com/manufacturers/bioage+testing
Biometric,https://www.driverscape.com/manufacturers/biometric
BIOPAC,https://www.driverscape.com/manufacturers/biopac
BIOSTA,https://www.driverscape.com/manufacturers/biosta
Biostar,https://www.driverscape.com/manufacturers/biostar
Birch,https://www.driverscape.com/manufacturers/birch
Bison,https://www.driverscape.com/manufacturers/bison
BITDEFENDER S.R.L,https://www.driverscape.com/manufacturers/bitdefender+s.r.l
BitFlow,https://www.driverscape.com/manufacturers/bitflow
Bitland Information,https://www.driverscape.com/manufacturers/bitland+information
BITRAN CORPRATION,https://www.driverscape.com/manufacturers/bitran+corpration
Bitwise,https://www.driverscape.com/manufacturers/bitwise
Bitwise Systems™,https://www.driverscape.com/manufacturers/bitwise+systems%E2%84%A2
BIXOLON,https://www.driverscape.com/manufacturers/bixolon
Black Box,https://www.driverscape.com/manufacturers/black+box
BlackBerry,https://www.driverscape.com/manufacturers/blackberry
Blackmagic Design,https://www.driverscape.com/manufacturers/blackmagic+design
BLANK,https://www.driverscape.com/manufacturers/blank
Bleile Datentechnik,https://www.driverscape.com/manufacturers/bleile+datentechnik
Bloomberg,https://www.driverscape.com/manufacturers/bloomberg
Blue,https://www.driverscape.com/manufacturers/blue
BlueAnt Wireless,https://www.driverscape.com/manufacturers/blueant+wireless
Bluebird Soft,https://www.driverscape.com/manufacturers/bluebird+soft
Bluechip,https://www.driverscape.com/manufacturers/bluechip
Bluegiga,https://www.driverscape.com/manufacturers/bluegiga
BlueLight,https://www.driverscape.com/manufacturers/bluelight
BLUSENS,https://www.driverscape.com/manufacturers/blusens
Blutronics Srl,https://www.driverscape.com/manufacturers/blutronics+srl
BM Innovations,https://www.driverscape.com/manufacturers/bm+innovations
BMETERS,https://www.driverscape.com/manufacturers/bmeters
BMx,https://www.driverscape.com/manufacturers/bmx
Boca,https://www.driverscape.com/manufacturers/boca
Bochs,https://www.driverscape.com/manufacturers/bochs
BodyMedia,https://www.driverscape.com/manufacturers/bodymedia
Böhmer Audio,https://www.driverscape.com/manufacturers/b%C3%B6hmer+audio
Bome Software,https://www.driverscape.com/manufacturers/bome+software
Boo-Ree,https://www.driverscape.com/manufacturers/boo-ree
Bosch,https://www.driverscape.com/manufacturers/bosch
Bosch Security,https://www.driverscape.com/manufacturers/bosch+security
Bose,https://www.driverscape.com/manufacturers/bose
BOSER,https://www.driverscape.com/manufacturers/boser
Boser Media,https://www.driverscape.com/manufacturers/boser+media
Boso,https://www.driverscape.com/manufacturers/boso
Bossa Nova Robotics,https://www.driverscape.com/manufacturers/bossa+nova+robotics
Bowe Bell + Howell Scanners,https://www.driverscape.com/manufacturers/bowe+bell+%2B+howell+scanners
BOXX,https://www.driverscape.com/manufacturers/boxx
Brady,https://www.driverscape.com/manufacturers/brady
Brain Boxes,https://www.driverscape.com/manufacturers/brain+boxes
Brainboxes,https://www.driverscape.com/manufacturers/brainboxes
Brand,https://www.driverscape.com/manufacturers/brand
Breukhoven,https://www.driverscape.com/manufacturers/breukhoven
Bridge Systems BV,https://www.driverscape.com/manufacturers/bridge+systems+bv
BridgeCo,https://www.driverscape.com/manufacturers/bridgeco
BrightStar,https://www.driverscape.com/manufacturers/brightstar
Brightwell,https://www.driverscape.com/manufacturers/brightwell
British Telecom,https://www.driverscape.com/manufacturers/british+telecom
Brivo,https://www.driverscape.com/manufacturers/brivo
Broadcom,https://www.driverscape.com/manufacturers/broadcom
Broadxent,https://www.driverscape.com/manufacturers/broadxent
Brother,https://www.driverscape.com/manufacturers/brother
Bruel & Kjaer Sound & Vibration Measurement A/S,https://www.driverscape.com/manufacturers/bruel+%26+kjaer+sound+%26+vibration+measurement+a%2Fs
BRUNEN IT,https://www.driverscape.com/manufacturers/brunen+it
BrunenIT,https://www.driverscape.com/manufacturers/brunenit
BRUNENITOEMSYSTEMS,https://www.driverscape.com/manufacturers/brunenitoemsystems
BSR,https://www.driverscape.com/manufacturers/bsr
BTC,https://www.driverscape.com/manufacturers/btc
Bticino,https://www.driverscape.com/manufacturers/bticino
Buffalo,https://www.driverscape.com/manufacturers/buffalo
Buic,https://www.driverscape.com/manufacturers/buic
BULL,https://www.driverscape.com/manufacturers/bull
BulletScan,https://www.driverscape.com/manufacturers/bulletscan
Bully Dog,https://www.driverscape.com/manufacturers/bully+dog
Burroughs Payment,https://www.driverscape.com/manufacturers/burroughs+payment
Burster,https://www.driverscape.com/manufacturers/burster
BUSTER,https://www.driverscape.com/manufacturers/buster
Buympc,https://www.driverscape.com/manufacturers/buympc
BVRP Software,https://www.driverscape.com/manufacturers/bvrp+software
BYON,https://www.driverscape.com/manufacturers/byon
ByteSpeed,https://www.driverscape.com/manufacturers/bytespeed
BYTSPD,https://www.driverscape.com/manufacturers/bytspd
C Technologies,https://www.driverscape.com/manufacturers/c+technologies
C&E,https://www.driverscape.com/manufacturers/c%26e
C-Map,https://www.driverscape.com/manufacturers/c-map
C-Media,https://www.driverscape.com/manufacturers/c-media
C-motech,https://www.driverscape.com/manufacturers/c-motech
C3CUBE,https://www.driverscape.com/manufacturers/c3cube
Cab Produkttechnik GmbH & Co KG,https://www.driverscape.com/manufacturers/cab+produkttechnik+gmbh+%26+co+kg
Cablemodem,https://www.driverscape.com/manufacturers/cablemodem
CAEN,https://www.driverscape.com/manufacturers/caen
Cakewalk,https://www.driverscape.com/manufacturers/cakewalk
Cal-Comp Electronics And,https://www.driverscape.com/manufacturers/cal-comp+electronics+and
Callaway,https://www.driverscape.com/manufacturers/callaway
Cambridge Audio,https://www.driverscape.com/manufacturers/cambridge+audio
Cambridge Silicon Radio,https://www.driverscape.com/manufacturers/cambridge+silicon+radio
CamBulk,https://www.driverscape.com/manufacturers/cambulk
Camera,https://www.driverscape.com/manufacturers/camera
Camera Maker,https://www.driverscape.com/manufacturers/camera+maker
CamTrax,https://www.driverscape.com/manufacturers/camtrax
CamVendor,https://www.driverscape.com/manufacturers/camvendor
Canon,https://www.driverscape.com/manufacturers/canon
Canopus,https://www.driverscape.com/manufacturers/canopus
CAPCOD,https://www.driverscape.com/manufacturers/capcod
CAPITAL,https://www.driverscape.com/manufacturers/capital
Captron Electronic,https://www.driverscape.com/manufacturers/captron+electronic
Card Scanning,https://www.driverscape.com/manufacturers/card+scanning
Card-Scanning,https://www.driverscape.com/manufacturers/card-scanning
CARDBUSs,https://www.driverscape.com/manufacturers/cardbuss
Cardiolex,https://www.driverscape.com/manufacturers/cardiolex
Cardo,https://www.driverscape.com/manufacturers/cardo
CardReader,https://www.driverscape.com/manufacturers/cardreader
CardScan,https://www.driverscape.com/manufacturers/cardscan
Carestream,https://www.driverscape.com/manufacturers/carestream
Carestream Health,https://www.driverscape.com/manufacturers/carestream+health
Carl Zeiss Imaging,https://www.driverscape.com/manufacturers/carl+zeiss+imaging
Carnegie Mellon University,https://www.driverscape.com/manufacturers/carnegie+mellon+university
CARRI,https://www.driverscape.com/manufacturers/carri
CarSoft Engineering,https://www.driverscape.com/manufacturers/carsoft+engineering
Cartech Sas,https://www.driverscape.com/manufacturers/cartech+sas
CARTIMEX,https://www.driverscape.com/manufacturers/cartimex
CASIO,https://www.driverscape.com/manufacturers/casio
CASPER,https://www.driverscape.com/manufacturers/casper
Castles,https://www.driverscape.com/manufacturers/castles
CAT,https://www.driverscape.com/manufacturers/cat
CATC,https://www.driverscape.com/manufacturers/catc
CAYMAN,https://www.driverscape.com/manufacturers/cayman
CCE,https://www.driverscape.com/manufacturers/cce
CCEInf,https://www.driverscape.com/manufacturers/cceinf
CDC Driver,https://www.driverscape.com/manufacturers/cdc+driver
CdcPointSpa,https://www.driverscape.com/manufacturers/cdcpointspa
CDI,https://www.driverscape.com/manufacturers/cdi
CDM,https://www.driverscape.com/manufacturers/cdm
CE-Infosys,https://www.driverscape.com/manufacturers/ce-infosys
CEC,https://www.driverscape.com/manufacturers/cec
Cecomil,https://www.driverscape.com/manufacturers/cecomil
Celestron,https://www.driverscape.com/manufacturers/celestron
Cellebrite,https://www.driverscape.com/manufacturers/cellebrite
Cenix Digicom,https://www.driverscape.com/manufacturers/cenix+digicom
CENTERPRISE,https://www.driverscape.com/manufacturers/centerprise
Central Music,https://www.driverscape.com/manufacturers/central+music
CEntrance,https://www.driverscape.com/manufacturers/centrance
Centurion Systems (PTY),https://www.driverscape.com/manufacturers/centurion+systems+%28pty%29
Certance,https://www.driverscape.com/manufacturers/certance
Certify,https://www.driverscape.com/manufacturers/certify
CESINEL,https://www.driverscape.com/manufacturers/cesinel
Cesys Microelectronics,https://www.driverscape.com/manufacturers/cesys+microelectronics
Ceton,https://www.driverscape.com/manufacturers/ceton
CEVEN,https://www.driverscape.com/manufacturers/ceven
CGA_Computers,https://www.driverscape.com/manufacturers/cga_computers
CH Products,https://www.driverscape.com/manufacturers/ch+products
Channel Partner,https://www.driverscape.com/manufacturers/channel+partner
Charger AB,https://www.driverscape.com/manufacturers/charger+ab
Check Point,https://www.driverscape.com/manufacturers/check+point
Chengdu Leetro Automation,https://www.driverscape.com/manufacturers/chengdu+leetro+automation
Cherry,https://www.driverscape.com/manufacturers/cherry
Chic,https://www.driverscape.com/manufacturers/chic
Chicony,https://www.driverscape.com/manufacturers/chicony
CHILI1,https://www.driverscape.com/manufacturers/chili1
ChiliGREEN,https://www.driverscape.com/manufacturers/chiligreen
China,https://www.driverscape.com/manufacturers/china
CHINA GREATWALL COMPUTER SHENZHEN,https://www.driverscape.com/manufacturers/china+greatwall+computer+shenzhen
Chinatelecom,https://www.driverscape.com/manufacturers/chinatelecom
CHINO,https://www.driverscape.com/manufacturers/chino
Chiron,https://www.driverscape.com/manufacturers/chiron
CHROMATEQ,https://www.driverscape.com/manufacturers/chromateq
Chromation,https://www.driverscape.com/manufacturers/chromation
ChunghwaTL,https://www.driverscape.com/manufacturers/chunghwatl
Ciara,https://www.driverscape.com/manufacturers/ciara
CIM,https://www.driverscape.com/manufacturers/cim
Cinterion Wireless Modules,https://www.driverscape.com/manufacturers/cinterion+wireless+modules
CipherLab,https://www.driverscape.com/manufacturers/cipherlab
Circuit City,https://www.driverscape.com/manufacturers/circuit+city
Cirque,https://www.driverscape.com/manufacturers/cirque
Cirrus Logic,https://www.driverscape.com/manufacturers/cirrus+logic
CirrusLogic,https://www.driverscape.com/manufacturers/cirruslogic
Cisco,https://www.driverscape.com/manufacturers/cisco
Cisco Consumer Products,https://www.driverscape.com/manufacturers/cisco+consumer+products
Cisco-Linksys,https://www.driverscape.com/manufacturers/cisco-linksys
Citibank,https://www.driverscape.com/manufacturers/citibank
Citizen,https://www.driverscape.com/manufacturers/citizen
Citrix,https://www.driverscape.com/manufacturers/citrix
CityCom,https://www.driverscape.com/manufacturers/citycom
Clavia DMI AB,https://www.driverscape.com/manufacturers/clavia+dmi+ab
Clear,https://www.driverscape.com/manufacturers/clear
ClearOne,https://www.driverscape.com/manufacturers/clearone
Cleverscope,https://www.driverscape.com/manufacturers/cleverscope
Clevo,https://www.driverscape.com/manufacturers/clevo
Clientron,https://www.driverscape.com/manufacturers/clientron
Clipsal By Schneider Electric (Australia),https://www.driverscape.com/manufacturers/clipsal+by+schneider+electric+%28australia%29
Clixon,https://www.driverscape.com/manufacturers/clixon
ClockworkMod,https://www.driverscape.com/manufacturers/clockworkmod
Club 3D B.V,https://www.driverscape.com/manufacturers/club+3d+b.v
CMD,https://www.driverscape.com/manufacturers/cmd
Cmotech,https://www.driverscape.com/manufacturers/cmotech
CMS,https://www.driverscape.com/manufacturers/cms
Cmscom,https://www.driverscape.com/manufacturers/cmscom
CNCDRIVE,https://www.driverscape.com/manufacturers/cncdrive
CNet,https://www.driverscape.com/manufacturers/cnet
CNXT,https://www.driverscape.com/manufacturers/cnxt
CoachLab 2+,https://www.driverscape.com/manufacturers/coachlab+2%2B
Cobham Tactical Communications And Surveillance,https://www.driverscape.com/manufacturers/cobham+tactical+communications+and+surveillance
COBRA Tecnologia,https://www.driverscape.com/manufacturers/cobra+tecnologia
COBY,https://www.driverscape.com/manufacturers/coby
Cochlear,https://www.driverscape.com/manufacturers/cochlear
Code Laboratories,https://www.driverscape.com/manufacturers/code+laboratories
Code Red,https://www.driverscape.com/manufacturers/code+red
Codes Rousseau,https://www.driverscape.com/manufacturers/codes+rousseau
Cofiman,https://www.driverscape.com/manufacturers/cofiman
COGELEC,https://www.driverscape.com/manufacturers/cogelec
Cogent,https://www.driverscape.com/manufacturers/cogent
Coges,https://www.driverscape.com/manufacturers/coges
Cognex,https://www.driverscape.com/manufacturers/cognex
Collis,https://www.driverscape.com/manufacturers/collis
"Cologne Chip AG, Billion Electric",https://www.driverscape.com/manufacturers/cologne+chip+ag%2C+billion+electric
Colortrac,https://www.driverscape.com/manufacturers/colortrac
ColorVision,https://www.driverscape.com/manufacturers/colorvision
COM One,https://www.driverscape.com/manufacturers/com+one
COM1,https://www.driverscape.com/manufacturers/com1
Com21,https://www.driverscape.com/manufacturers/com21
Comark Instruments,https://www.driverscape.com/manufacturers/comark+instruments
COMAT,https://www.driverscape.com/manufacturers/comat
Comet Park It Easy,https://www.driverscape.com/manufacturers/comet+park+it+easy
COMEX Crop,https://www.driverscape.com/manufacturers/comex+crop
COMITECSRL2007,https://www.driverscape.com/manufacturers/comitecsrl2007
Commtest Instruments,https://www.driverscape.com/manufacturers/commtest+instruments
Commubox FXA291,https://www.driverscape.com/manufacturers/commubox+fxa291
Comneon,https://www.driverscape.com/manufacturers/comneon
Compal,https://www.driverscape.com/manufacturers/compal
Company,https://www.driverscape.com/manufacturers/company
Compaq,https://www.driverscape.com/manufacturers/compaq
Compro,https://www.driverscape.com/manufacturers/compro
Comptronic,https://www.driverscape.com/manufacturers/comptronic
CompuLab,https://www.driverscape.com/manufacturers/compulab
COMPUMAX,https://www.driverscape.com/manufacturers/compumax
CompUSA PC,https://www.driverscape.com/manufacturers/compusa+pc
Compusys PLC,https://www.driverscape.com/manufacturers/compusys+plc
COMPUSYSPLC,https://www.driverscape.com/manufacturers/compusysplc
Computer,https://www.driverscape.com/manufacturers/computer
Computer Connections,https://www.driverscape.com/manufacturers/computer+connections
Computer Renaissance,https://www.driverscape.com/manufacturers/computer+renaissance
ComputerCORP,https://www.driverscape.com/manufacturers/computercorp
COMPUTEX,https://www.driverscape.com/manufacturers/computex
CompuWave,https://www.driverscape.com/manufacturers/compuwave
CompX,https://www.driverscape.com/manufacturers/compx
COMTEC,https://www.driverscape.com/manufacturers/comtec
Comtrol,https://www.driverscape.com/manufacturers/comtrol
ConcentricSeneca,https://www.driverscape.com/manufacturers/concentricseneca
Conceptronic,https://www.driverscape.com/manufacturers/conceptronic
Concord,https://www.driverscape.com/manufacturers/concord
Concord Camera,https://www.driverscape.com/manufacturers/concord+camera
Condor,https://www.driverscape.com/manufacturers/condor
Conexant,https://www.driverscape.com/manufacturers/conexant
Connect,https://www.driverscape.com/manufacturers/connect
ConnectCom,https://www.driverscape.com/manufacturers/connectcom
Conrad Electronic,https://www.driverscape.com/manufacturers/conrad+electronic
Consados,https://www.driverscape.com/manufacturers/consados
CONTEC,https://www.driverscape.com/manufacturers/contec
CONTEMPORARY CONTROLS,https://www.driverscape.com/manufacturers/contemporary+controls
Contex A/S,https://www.driverscape.com/manufacturers/contex+a%2Fs
Continental,https://www.driverscape.com/manufacturers/continental
Control,https://www.driverscape.com/manufacturers/control
CooCox,https://www.driverscape.com/manufacturers/coocox
Coocox.org,https://www.driverscape.com/manufacturers/coocox.org
Coolpad,https://www.driverscape.com/manufacturers/coolpad
CoolwareMax,https://www.driverscape.com/manufacturers/coolwaremax
COPRIS.ch,https://www.driverscape.com/manufacturers/copris.ch
Coradir,https://www.driverscape.com/manufacturers/coradir
Core,https://www.driverscape.com/manufacturers/core
Corechip,https://www.driverscape.com/manufacturers/corechip
Coreco Imaging,https://www.driverscape.com/manufacturers/coreco+imaging
Corega,https://www.driverscape.com/manufacturers/corega
Corel,https://www.driverscape.com/manufacturers/corel
Corelis,https://www.driverscape.com/manufacturers/corelis
CORERIVER,https://www.driverscape.com/manufacturers/coreriver
Coretech,https://www.driverscape.com/manufacturers/coretech
Corex,https://www.driverscape.com/manufacturers/corex
Corporation,https://www.driverscape.com/manufacturers/corporation
Corsair,https://www.driverscape.com/manufacturers/corsair
COSMED,https://www.driverscape.com/manufacturers/cosmed
Covadis,https://www.driverscape.com/manufacturers/covadis
Cowon,https://www.driverscape.com/manufacturers/cowon
Crea,https://www.driverscape.com/manufacturers/crea
Creaform,https://www.driverscape.com/manufacturers/creaform
Creamware,https://www.driverscape.com/manufacturers/creamware
Created By Y.K,https://www.driverscape.com/manufacturers/created+by+y.k
Creation,https://www.driverscape.com/manufacturers/creation
Creative,https://www.driverscape.com/manufacturers/creative
Creatix,https://www.driverscape.com/manufacturers/creatix
Cressi,https://www.driverscape.com/manufacturers/cressi
Crestron,https://www.driverscape.com/manufacturers/crestron
Cristalink,https://www.driverscape.com/manufacturers/cristalink
Cross Match,https://www.driverscape.com/manufacturers/cross+match
Crouzet Automatismes SAS,https://www.driverscape.com/manufacturers/crouzet+automatismes+sas
Crownhill Associates,https://www.driverscape.com/manufacturers/crownhill+associates
CRS,https://www.driverscape.com/manufacturers/crs
CRS ELECTRONIC,https://www.driverscape.com/manufacturers/crs+electronic
CRUCIALTEC,https://www.driverscape.com/manufacturers/crucialtec
CruiserTeam,https://www.driverscape.com/manufacturers/cruiserteam
Crystal,https://www.driverscape.com/manufacturers/crystal
Crystal Engineering,https://www.driverscape.com/manufacturers/crystal+engineering
Crystalfontz,https://www.driverscape.com/manufacturers/crystalfontz
CS&S,https://www.driverscape.com/manufacturers/cs%26s
CSD,https://www.driverscape.com/manufacturers/csd
CSM,https://www.driverscape.com/manufacturers/csm
CSN Industrie,https://www.driverscape.com/manufacturers/csn+industrie
CSR Plc,https://www.driverscape.com/manufacturers/csr+plc
CSSN,https://www.driverscape.com/manufacturers/cssn
CST,https://www.driverscape.com/manufacturers/cst
CTC CDMA 3G Device,https://www.driverscape.com/manufacturers/ctc+cdma+3g+device
CTS,https://www.driverscape.com/manufacturers/cts
CTX,https://www.driverscape.com/manufacturers/ctx
"Cummins Inc, US",https://www.driverscape.com/manufacturers/cummins+inc%2C+us
Curitel,https://www.driverscape.com/manufacturers/curitel
Custo Med,https://www.driverscape.com/manufacturers/custo+med
CUSTOM,https://www.driverscape.com/manufacturers/custom
Custom Computer Services,https://www.driverscape.com/manufacturers/custom+computer+services
CUSTOM ENGINEERING SPA,https://www.driverscape.com/manufacturers/custom+engineering+spa
CUTOK,https://www.driverscape.com/manufacturers/cutok
CWAV,https://www.driverscape.com/manufacturers/cwav
CXT,https://www.driverscape.com/manufacturers/cxt
CyberLink,https://www.driverscape.com/manufacturers/cyberlink
Cybernet Manufacturing,https://www.driverscape.com/manufacturers/cybernet+manufacturing
Cybernet Space Saving,https://www.driverscape.com/manufacturers/cybernet+space+saving
Cybernetique,https://www.driverscape.com/manufacturers/cybernetique
CyberOptics,https://www.driverscape.com/manufacturers/cyberoptics
CyberPower,https://www.driverscape.com/manufacturers/cyberpower
Cyclone,https://www.driverscape.com/manufacturers/cyclone
Cynove,https://www.driverscape.com/manufacturers/cynove
Cypress,https://www.driverscape.com/manufacturers/cypress
CZC,https://www.driverscape.com/manufacturers/czc
D&M Holdings,https://www.driverscape.com/manufacturers/d%26m+holdings
D-Link,https://www.driverscape.com/manufacturers/d-link
D-MAX,https://www.driverscape.com/manufacturers/d-max
D-vitec,https://www.driverscape.com/manufacturers/d-vitec
D.E.P,https://www.driverscape.com/manufacturers/d.e.p
D.O.TEC,https://www.driverscape.com/manufacturers/d.o.tec
Dactron,https://www.driverscape.com/manufacturers/dactron
Daewoo,https://www.driverscape.com/manufacturers/daewoo
Daffodil,https://www.driverscape.com/manufacturers/daffodil
Dai Nippon Printing,https://www.driverscape.com/manufacturers/dai+nippon+printing
DakTech,https://www.driverscape.com/manufacturers/daktech
Dalsa,https://www.driverscape.com/manufacturers/dalsa
DameWare,https://www.driverscape.com/manufacturers/dameware
Dane-Elec,https://www.driverscape.com/manufacturers/dane-elec
Darfon,https://www.driverscape.com/manufacturers/darfon
Darim Vision,https://www.driverscape.com/manufacturers/darim+vision
Das,https://www.driverscape.com/manufacturers/das
Data Card,https://www.driverscape.com/manufacturers/data+card
Data Encryption,https://www.driverscape.com/manufacturers/data+encryption
DataApex,https://www.driverscape.com/manufacturers/dataapex
DATABOX,https://www.driverscape.com/manufacturers/databox
Datacard,https://www.driverscape.com/manufacturers/datacard
Datacolor,https://www.driverscape.com/manufacturers/datacolor
DATAFAB,https://www.driverscape.com/manufacturers/datafab
DataLogic,https://www.driverscape.com/manufacturers/datalogic
Datalogic ADC,https://www.driverscape.com/manufacturers/datalogic+adc
Datalux,https://www.driverscape.com/manufacturers/datalux
Dataman Programmers,https://www.driverscape.com/manufacturers/dataman+programmers
Datamax,https://www.driverscape.com/manufacturers/datamax
Datapath,https://www.driverscape.com/manufacturers/datapath
Dataq Instrument,https://www.driverscape.com/manufacturers/dataq+instrument
DATAQ Instruments,https://www.driverscape.com/manufacturers/dataq+instruments
Datateknik,https://www.driverscape.com/manufacturers/datateknik
Datecs,https://www.driverscape.com/manufacturers/datecs
Datel,https://www.driverscape.com/manufacturers/datel
Daten,https://www.driverscape.com/manufacturers/daten
Datim S.r.l,https://www.driverscape.com/manufacturers/datim+s.r.l
DATRON,https://www.driverscape.com/manufacturers/datron
Datronicsoft,https://www.driverscape.com/manufacturers/datronicsoft
Datum Networks,https://www.driverscape.com/manufacturers/datum+networks
DAVICOM,https://www.driverscape.com/manufacturers/davicom
Dawicontrol,https://www.driverscape.com/manufacturers/dawicontrol
Dazzle,https://www.driverscape.com/manufacturers/dazzle
Dazzle*,https://www.driverscape.com/manufacturers/dazzle%2A
DBM MAROC,https://www.driverscape.com/manufacturers/dbm+maroc
DDS,https://www.driverscape.com/manufacturers/dds
Dealin,https://www.driverscape.com/manufacturers/dealin
Decimator Design,https://www.driverscape.com/manufacturers/decimator+design
Dedicated,https://www.driverscape.com/manufacturers/dedicated
Dediprog,https://www.driverscape.com/manufacturers/dediprog
DEGURU,https://www.driverscape.com/manufacturers/deguru
DEIF A/S,https://www.driverscape.com/manufacturers/deif+a%2Fs
Deif Silicon Laboratories,https://www.driverscape.com/manufacturers/deif+silicon+laboratories
Dekart,https://www.driverscape.com/manufacturers/dekart
DEKTEC Digital Video BV,https://www.driverscape.com/manufacturers/dektec+digital+video+bv
Delcom Engineering,https://www.driverscape.com/manufacturers/delcom+engineering
Delcom Products,https://www.driverscape.com/manufacturers/delcom+products
Delkin Devices,https://www.driverscape.com/manufacturers/delkin+devices
Dell,https://www.driverscape.com/manufacturers/dell
Delphin,https://www.driverscape.com/manufacturers/delphin
Delta,https://www.driverscape.com/manufacturers/delta
DELTA AIRLINE,https://www.driverscape.com/manufacturers/delta+airline
Delta Industrie Service,https://www.driverscape.com/manufacturers/delta+industrie+service
Delta Ohm Srl,https://www.driverscape.com/manufacturers/delta+ohm+srl
Deltron,https://www.driverscape.com/manufacturers/deltron
Delux,https://www.driverscape.com/manufacturers/delux
Demmel Products,https://www.driverscape.com/manufacturers/demmel+products
Demy,https://www.driverscape.com/manufacturers/demy
DenCT,https://www.driverscape.com/manufacturers/denct
DENON,https://www.driverscape.com/manufacturers/denon
DENSO,https://www.driverscape.com/manufacturers/denso
DENSO WAVE,https://www.driverscape.com/manufacturers/denso+wave
Dentrix Dental,https://www.driverscape.com/manufacturers/dentrix+dental
Deon Van Der Westhuysen,https://www.driverscape.com/manufacturers/deon+van+der+westhuysen
Deon Vd Westhuysen,https://www.driverscape.com/manufacturers/deon+vd+westhuysen
DEPO,https://www.driverscape.com/manufacturers/depo
Desenvolvido Para Positivo,https://www.driverscape.com/manufacturers/desenvolvido+para+positivo
Desenvolvido Para Positivo Informatica S/A,https://www.driverscape.com/manufacturers/desenvolvido+para+positivo+informatica+s%2Fa
DESkey,https://www.driverscape.com/manufacturers/deskey
Deterministic Networks,https://www.driverscape.com/manufacturers/deterministic+networks
Deutsche Telekom,https://www.driverscape.com/manufacturers/deutsche+telekom
Devantech,https://www.driverscape.com/manufacturers/devantech
Devguru,https://www.driverscape.com/manufacturers/devguru
DeviceGuys,https://www.driverscape.com/manufacturers/deviceguys
Devolo,https://www.driverscape.com/manufacturers/devolo
Dexatek,https://www.driverscape.com/manufacturers/dexatek
DexCom,https://www.driverscape.com/manufacturers/dexcom
DEXIS,https://www.driverscape.com/manufacturers/dexis
Deymed,https://www.driverscape.com/manufacturers/deymed
DFI-ACP,https://www.driverscape.com/manufacturers/dfi-acp
DGM,https://www.driverscape.com/manufacturers/dgm
DGSI,https://www.driverscape.com/manufacturers/dgsi
Dhrun Software,https://www.driverscape.com/manufacturers/dhrun+software
DIABLO,https://www.driverscape.com/manufacturers/diablo
DIACOM,https://www.driverscape.com/manufacturers/diacom
Diagnostic Instruments,https://www.driverscape.com/manufacturers/diagnostic+instruments
Dialogic,https://www.driverscape.com/manufacturers/dialogic
Dialogue,https://www.driverscape.com/manufacturers/dialogue
DIAMEX,https://www.driverscape.com/manufacturers/diamex
Diamond,https://www.driverscape.com/manufacturers/diamond
Dibcom,https://www.driverscape.com/manufacturers/dibcom
DIEBOLD,https://www.driverscape.com/manufacturers/diebold
Diebold Procomp,https://www.driverscape.com/manufacturers/diebold+procomp
DIGENT,https://www.driverscape.com/manufacturers/digent
Digi,https://www.driverscape.com/manufacturers/digi
DigiBest,https://www.driverscape.com/manufacturers/digibest
DIGIBOARD,https://www.driverscape.com/manufacturers/digiboard
Digibras,https://www.driverscape.com/manufacturers/digibras
Digicom,https://www.driverscape.com/manufacturers/digicom
Digidesgn,https://www.driverscape.com/manufacturers/digidesgn
Digidesign,https://www.driverscape.com/manufacturers/digidesign
Digifon,https://www.driverscape.com/manufacturers/digifon
Digigram,https://www.driverscape.com/manufacturers/digigram
DIGILITE,https://www.driverscape.com/manufacturers/digilite
DIGIMIX,https://www.driverscape.com/manufacturers/digimix
DigiPoS,https://www.driverscape.com/manufacturers/digipos
Digit@lway,https://www.driverscape.com/manufacturers/digit%40lway
Digital,https://www.driverscape.com/manufacturers/digital
Digital Art System - Sunlite,https://www.driverscape.com/manufacturers/digital+art+system+-+sunlite
Digital Audio Labs,https://www.driverscape.com/manufacturers/digital+audio+labs
Digital Blue,https://www.driverscape.com/manufacturers/digital+blue
Digital Camera,https://www.driverscape.com/manufacturers/digital+camera
Digital Check,https://www.driverscape.com/manufacturers/digital+check
Digital Devices,https://www.driverscape.com/manufacturers/digital+devices
Digital Equipment,https://www.driverscape.com/manufacturers/digital+equipment
Digital Everywhere,https://www.driverscape.com/manufacturers/digital+everywhere
Digital Identification,https://www.driverscape.com/manufacturers/digital+identification
Digital Identification Solutions Group Of Companies,https://www.driverscape.com/manufacturers/digital+identification+solutions+group+of+companies
Digital Microscope Camera,https://www.driverscape.com/manufacturers/digital+microscope+camera
Digital Radio Solution Provider,https://www.driverscape.com/manufacturers/digital+radio+solution+provider
Digital Spectrum,https://www.driverscape.com/manufacturers/digital+spectrum
Digital Tigers,https://www.driverscape.com/manufacturers/digital+tigers
Digital TV USB Mini Receiver,https://www.driverscape.com/manufacturers/digital+tv+usb+mini+receiver
Digital-Logic,https://www.driverscape.com/manufacturers/digital-logic
DigitalImageDevice,https://www.driverscape.com/manufacturers/digitalimagedevice
DigitalImagingDevice,https://www.driverscape.com/manufacturers/digitalimagingdevice
DigiTalks,https://www.driverscape.com/manufacturers/digitalks
DigitalPersona,https://www.driverscape.com/manufacturers/digitalpersona
Digitech,https://www.driverscape.com/manufacturers/digitech
Digitrax,https://www.driverscape.com/manufacturers/digitrax
Digitron,https://www.driverscape.com/manufacturers/digitron
Dimotion,https://www.driverscape.com/manufacturers/dimotion
DimSport,https://www.driverscape.com/manufacturers/dimsport
DimTech,https://www.driverscape.com/manufacturers/dimtech
Diode,https://www.driverscape.com/manufacturers/diode
Direct Color,https://www.driverscape.com/manufacturers/direct+color
Dis-Transics,https://www.driverscape.com/manufacturers/dis-transics
Disc Ice,https://www.driverscape.com/manufacturers/disc+ice
Disc Soft,https://www.driverscape.com/manufacturers/disc+soft
DiSco,https://www.driverscape.com/manufacturers/disco
Discovery,https://www.driverscape.com/manufacturers/discovery
DISCOVERY Bay,https://www.driverscape.com/manufacturers/discovery+bay
DISO,https://www.driverscape.com/manufacturers/diso
DisplayLink,https://www.driverscape.com/manufacturers/displaylink
DiTech,https://www.driverscape.com/manufacturers/ditech
Divio,https://www.driverscape.com/manufacturers/divio
DIXON,https://www.driverscape.com/manufacturers/dixon
DIXON PHILIPS,https://www.driverscape.com/manufacturers/dixon+philips
DIXONS,https://www.driverscape.com/manufacturers/dixons
DIXONSXP,https://www.driverscape.com/manufacturers/dixonsxp
DJ-Tech,https://www.driverscape.com/manufacturers/dj-tech
Dji-innovations,https://www.driverscape.com/manufacturers/dji-innovations
DJO,https://www.driverscape.com/manufacturers/djo
DK Digital,https://www.driverscape.com/manufacturers/dk+digital
DKU5,https://www.driverscape.com/manufacturers/dku5
DLI,https://www.driverscape.com/manufacturers/dli
DLink,https://www.driverscape.com/manufacturers/dlink
Dlogic,https://www.driverscape.com/manufacturers/dlogic
DMX4ALL,https://www.driverscape.com/manufacturers/dmx4all
DNP,https://www.driverscape.com/manufacturers/dnp
DNS,https://www.driverscape.com/manufacturers/dns
Do Not Argue - No Arguements Needed,https://www.driverscape.com/manufacturers/do+not+argue+-+no+arguements+needed
Do-it-auto,https://www.driverscape.com/manufacturers/do-it-auto
Document Capture,https://www.driverscape.com/manufacturers/document+capture
Dogbert,https://www.driverscape.com/manufacturers/dogbert
Dolby Laboratories,https://www.driverscape.com/manufacturers/dolby+laboratories
Dot Hill,https://www.driverscape.com/manufacturers/dot+hill
DQ Tec,https://www.driverscape.com/manufacturers/dq+tec
Dr. Kaiser Systemhaus,https://www.driverscape.com/manufacturers/dr.+kaiser+systemhaus
Draeger MSI,https://www.driverscape.com/manufacturers/draeger+msi
Draeger Safety MSI,https://www.driverscape.com/manufacturers/draeger+safety+msi
Dragonchip,https://www.driverscape.com/manufacturers/dragonchip
DrayTek,https://www.driverscape.com/manufacturers/draytek
Dreamcom,https://www.driverscape.com/manufacturers/dreamcom
Dreampro,https://www.driverscape.com/manufacturers/dreampro
Drew,https://www.driverscape.com/manufacturers/drew
Dritek,https://www.driverscape.com/manufacturers/dritek
DriverCoding,https://www.driverscape.com/manufacturers/drivercoding
DRS,https://www.driverscape.com/manufacturers/drs
DSC,https://www.driverscape.com/manufacturers/dsc
DSD Docet-lector DAC,https://www.driverscape.com/manufacturers/dsd+docet-lector+dac
DSE,https://www.driverscape.com/manufacturers/dse
DSGi,https://www.driverscape.com/manufacturers/dsgi
DSI,https://www.driverscape.com/manufacturers/dsi
DSO,https://www.driverscape.com/manufacturers/dso
Dso2100u,https://www.driverscape.com/manufacturers/dso2100u
DSPD,https://www.driverscape.com/manufacturers/dspd
DSPG,https://www.driverscape.com/manufacturers/dspg
Dspnor AS,https://www.driverscape.com/manufacturers/dspnor+as
DT Research,https://www.driverscape.com/manufacturers/dt+research
DT Soft,https://www.driverscape.com/manufacturers/dt+soft
DTC,https://www.driverscape.com/manufacturers/dtc
DTK,https://www.driverscape.com/manufacturers/dtk
DTMB Software,https://www.driverscape.com/manufacturers/dtmb+software
DTRINC,https://www.driverscape.com/manufacturers/dtrinc
DTV,https://www.driverscape.com/manufacturers/dtv
DTV-DVB,https://www.driverscape.com/manufacturers/dtv-dvb
Dual TV,https://www.driverscape.com/manufacturers/dual+tv
DuctTapedGoat,https://www.driverscape.com/manufacturers/ducttapedgoat
DUERR DENTAL,https://www.driverscape.com/manufacturers/duerr+dental
DukaPC,https://www.driverscape.com/manufacturers/dukapc
Duotecno,https://www.driverscape.com/manufacturers/duotecno
Dupont,https://www.driverscape.com/manufacturers/dupont
Durametric,https://www.driverscape.com/manufacturers/durametric
DV AIPTEK CAUET,https://www.driverscape.com/manufacturers/dv+aiptek+cauet
DV Manufacturer,https://www.driverscape.com/manufacturers/dv+manufacturer
DVB,https://www.driverscape.com/manufacturers/dvb
DVB Card,https://www.driverscape.com/manufacturers/dvb+card
DVB DW,https://www.driverscape.com/manufacturers/dvb+dw
DVB-DTV,https://www.driverscape.com/manufacturers/dvb-dtv
DVB-TV,https://www.driverscape.com/manufacturers/dvb-tv
DVBShop,https://www.driverscape.com/manufacturers/dvbshop
DVC,https://www.driverscape.com/manufacturers/dvc
Dvico,https://www.driverscape.com/manufacturers/dvico
DVR,https://www.driverscape.com/manufacturers/dvr
DVR1000,https://www.driverscape.com/manufacturers/dvr1000
DVtech,https://www.driverscape.com/manufacturers/dvtech
DXG,https://www.driverscape.com/manufacturers/dxg
DYMO,https://www.driverscape.com/manufacturers/dymo
DYNABYTE,https://www.driverscape.com/manufacturers/dynabyte
DYNACORD,https://www.driverscape.com/manufacturers/dynacord
Dynalink,https://www.driverscape.com/manufacturers/dynalink
Dynastream Innovations,https://www.driverscape.com/manufacturers/dynastream+innovations
DynaVox,https://www.driverscape.com/manufacturers/dynavox
Dynex,https://www.driverscape.com/manufacturers/dynex
Dynojet Research,https://www.driverscape.com/manufacturers/dynojet+research
E+H,https://www.driverscape.com/manufacturers/e%2Bh
E-LOAM,https://www.driverscape.com/manufacturers/e-loam
E-Mon,https://www.driverscape.com/manufacturers/e-mon
E-MU,https://www.driverscape.com/manufacturers/e-mu
E.C.A. Holding B.V,https://www.driverscape.com/manufacturers/e.c.a.+holding+b.v
E.Digital,https://www.driverscape.com/manufacturers/e.digital
E3C,https://www.driverscape.com/manufacturers/e3c
EagleTec,https://www.driverscape.com/manufacturers/eagletec
EARTHWALK,https://www.driverscape.com/manufacturers/earthwalk
EasteanTimes,https://www.driverscape.com/manufacturers/easteantimes
Eastern Times,https://www.driverscape.com/manufacturers/eastern+times
EasyControl,https://www.driverscape.com/manufacturers/easycontrol
EASYSET,https://www.driverscape.com/manufacturers/easyset
EasySync,https://www.driverscape.com/manufacturers/easysync
Eaton,https://www.driverscape.com/manufacturers/eaton
Eberspaecher Electronics GmbH & Co. KG,https://www.driverscape.com/manufacturers/eberspaecher+electronics+gmbh+%26+co.+kg
EBook,https://www.driverscape.com/manufacturers/ebook
Ebro Electronic GmbH & Co. KG,https://www.driverscape.com/manufacturers/ebro+electronic+gmbh+%26+co.+kg
EC Printer,https://www.driverscape.com/manufacturers/ec+printer
Echelon,https://www.driverscape.com/manufacturers/echelon
Echo Digital Audio,https://www.driverscape.com/manufacturers/echo+digital+audio
Ecler,https://www.driverscape.com/manufacturers/ecler
Eclo,https://www.driverscape.com/manufacturers/eclo
Ecotec,https://www.driverscape.com/manufacturers/ecotec
Ecowizz,https://www.driverscape.com/manufacturers/ecowizz
ECS,https://www.driverscape.com/manufacturers/ecs
ECT,https://www.driverscape.com/manufacturers/ect
EcuTek,https://www.driverscape.com/manufacturers/ecutek
EDGE,https://www.driverscape.com/manufacturers/edge
Edge Products,https://www.driverscape.com/manufacturers/edge+products
EDGE Wireless,https://www.driverscape.com/manufacturers/edge+wireless
Edimax,https://www.driverscape.com/manufacturers/edimax
EdingCNC,https://www.driverscape.com/manufacturers/edingcnc
EDsys,https://www.driverscape.com/manufacturers/edsys
Edt,https://www.driverscape.com/manufacturers/edt
EEC,https://www.driverscape.com/manufacturers/eec
EETI,https://www.driverscape.com/manufacturers/eeti
EETOOLS,https://www.driverscape.com/manufacturers/eetools
Efficient Networks,https://www.driverscape.com/manufacturers/efficient+networks
EFJohnson,https://www.driverscape.com/manufacturers/efjohnson
EFK,https://www.driverscape.com/manufacturers/efk
EFK Provider,https://www.driverscape.com/manufacturers/efk+provider
EGalax,https://www.driverscape.com/manufacturers/egalax
EgisTec,https://www.driverscape.com/manufacturers/egistec
Ego,https://www.driverscape.com/manufacturers/ego
Egosys,https://www.driverscape.com/manufacturers/egosys
EI System,https://www.driverscape.com/manufacturers/ei+system
Eicon Networks,https://www.driverscape.com/manufacturers/eicon+networks
EInstruction,https://www.driverscape.com/manufacturers/einstruction
"EIT Co., Ltd. & Xiroku",https://www.driverscape.com/manufacturers/eit+co.%2C+ltd.+%26+xiroku
EIZO,https://www.driverscape.com/manufacturers/eizo
Ekey Biometric,https://www.driverscape.com/manufacturers/ekey+biometric
El.Mo,https://www.driverscape.com/manufacturers/el.mo
ELAB,https://www.driverscape.com/manufacturers/elab
Elaborate Bytes,https://www.driverscape.com/manufacturers/elaborate+bytes
ELAD Srl Italy,https://www.driverscape.com/manufacturers/elad+srl+italy
ELAN,https://www.driverscape.com/manufacturers/elan
Elatec,https://www.driverscape.com/manufacturers/elatec
Elcom S.r.o,https://www.driverscape.com/manufacturers/elcom+s.r.o
ELCOMA,https://www.driverscape.com/manufacturers/elcoma
Elcometer,https://www.driverscape.com/manufacturers/elcometer
ELDAT,https://www.driverscape.com/manufacturers/eldat
EldoS,https://www.driverscape.com/manufacturers/eldos
ELECOM,https://www.driverscape.com/manufacturers/elecom
Electro-Voice,https://www.driverscape.com/manufacturers/electro-voice
Electrolux,https://www.driverscape.com/manufacturers/electrolux
Electronic Temperature Instruments,https://www.driverscape.com/manufacturers/electronic+temperature+instruments
Electronic-Design,https://www.driverscape.com/manufacturers/electronic-design
Electronics For Imaging,https://www.driverscape.com/manufacturers/electronics+for+imaging
Electronics Line 3000,https://www.driverscape.com/manufacturers/electronics+line+3000
Elektra,https://www.driverscape.com/manufacturers/elektra
Elexim,https://www.driverscape.com/manufacturers/elexim
Elgato,https://www.driverscape.com/manufacturers/elgato
ELINCHROM,https://www.driverscape.com/manufacturers/elinchrom
ELITE,https://www.driverscape.com/manufacturers/elite
ELITEGROUP,https://www.driverscape.com/manufacturers/elitegroup
Elitegroup Computer Sytstems,https://www.driverscape.com/manufacturers/elitegroup+computer+sytstems
ELK,https://www.driverscape.com/manufacturers/elk
ELKA-Elektronik,https://www.driverscape.com/manufacturers/elka-elektronik
ELM-USB Interface,https://www.driverscape.com/manufacturers/elm-usb+interface
Elmeg,https://www.driverscape.com/manufacturers/elmeg
Elmeg Communication,https://www.driverscape.com/manufacturers/elmeg+communication
Elo Touch,https://www.driverscape.com/manufacturers/elo+touch
Elonex,https://www.driverscape.com/manufacturers/elonex
Elprotronic,https://www.driverscape.com/manufacturers/elprotronic
ELSA,https://www.driverscape.com/manufacturers/elsa
ELSA Japan,https://www.driverscape.com/manufacturers/elsa+japan
ELTIMA Software,https://www.driverscape.com/manufacturers/eltima+software
ELV Elektronik,https://www.driverscape.com/manufacturers/elv+elektronik
Elyssa,https://www.driverscape.com/manufacturers/elyssa
EMachines,https://www.driverscape.com/manufacturers/emachines
Emagic Soft- & Hardware,https://www.driverscape.com/manufacturers/emagic+soft-+%26+hardware
EMAGIC Soft- Und Hardware,https://www.driverscape.com/manufacturers/emagic+soft-+und+hardware
Emaxs,https://www.driverscape.com/manufacturers/emaxs
Emaxx,https://www.driverscape.com/manufacturers/emaxx
Embedia,https://www.driverscape.com/manufacturers/embedia
EMERALD,https://www.driverscape.com/manufacturers/emerald
EMPIA,https://www.driverscape.com/manufacturers/empia
EMPIRE,https://www.driverscape.com/manufacturers/empire
EMS Production,https://www.driverscape.com/manufacturers/ems+production
EMSENSE,https://www.driverscape.com/manufacturers/emsense
Emulex,https://www.driverscape.com/manufacturers/emulex
Emuzed,https://www.driverscape.com/manufacturers/emuzed
Emuzed*,https://www.driverscape.com/manufacturers/emuzed%2A
EMVSCARD DS,https://www.driverscape.com/manufacturers/emvscard+ds
ENCORE,https://www.driverscape.com/manufacturers/encore
Endress+Hauser,https://www.driverscape.com/manufacturers/endress%2Bhauser
ENE,https://www.driverscape.com/manufacturers/ene
Energizer,https://www.driverscape.com/manufacturers/energizer
Enfora,https://www.driverscape.com/manufacturers/enfora
Enfora LP,https://www.driverscape.com/manufacturers/enfora+lp
Engelmann,https://www.driverscape.com/manufacturers/engelmann
Engius,https://www.driverscape.com/manufacturers/engius
Enhanced Vision,https://www.driverscape.com/manufacturers/enhanced+vision
Enigma Software,https://www.driverscape.com/manufacturers/enigma+software
ENNOCONN,https://www.driverscape.com/manufacturers/ennoconn
Enova,https://www.driverscape.com/manufacturers/enova
ENPC,https://www.driverscape.com/manufacturers/enpc
ENSYC,https://www.driverscape.com/manufacturers/ensyc
Enter System Manufacturer,https://www.driverscape.com/manufacturers/enter+system+manufacturer
EnterTech,https://www.driverscape.com/manufacturers/entertech
Entrust,https://www.driverscape.com/manufacturers/entrust
ENV,https://www.driverscape.com/manufacturers/env
Envision,https://www.driverscape.com/manufacturers/envision
EPHONE,https://www.driverscape.com/manufacturers/ephone
EPIC,https://www.driverscape.com/manufacturers/epic
Epilog,https://www.driverscape.com/manufacturers/epilog
Epiphan,https://www.driverscape.com/manufacturers/epiphan
EPIVALLEY,https://www.driverscape.com/manufacturers/epivalley
Epson,https://www.driverscape.com/manufacturers/epson
EQ-3,https://www.driverscape.com/manufacturers/eq-3
Equus,https://www.driverscape.com/manufacturers/equus
ERCO,https://www.driverscape.com/manufacturers/erco
ERE,https://www.driverscape.com/manufacturers/ere
ERFOS,https://www.driverscape.com/manufacturers/erfos
Ergo,https://www.driverscape.com/manufacturers/ergo
Ergoitaliaspa,https://www.driverscape.com/manufacturers/ergoitaliaspa
ERGOUK,https://www.driverscape.com/manufacturers/ergouk
Ericsson,https://www.driverscape.com/manufacturers/ericsson
ERV000,https://www.driverscape.com/manufacturers/erv000
ESCOdent,https://www.driverscape.com/manufacturers/escodent
Escort,https://www.driverscape.com/manufacturers/escort
ESG-SHV,https://www.driverscape.com/manufacturers/esg-shv
ESI,https://www.driverscape.com/manufacturers/esi
ESI Products,https://www.driverscape.com/manufacturers/esi+products
Eskape,https://www.driverscape.com/manufacturers/eskape
ESP,https://www.driverscape.com/manufacturers/esp
ESS,https://www.driverscape.com/manufacturers/ess
Essentiel B,https://www.driverscape.com/manufacturers/essentiel+b
ESTAR,https://www.driverscape.com/manufacturers/estar
Eston,https://www.driverscape.com/manufacturers/eston
ESys,https://www.driverscape.com/manufacturers/esys
ETAS,https://www.driverscape.com/manufacturers/etas
ETC,https://www.driverscape.com/manufacturers/etc
ETEK Labs,https://www.driverscape.com/manufacturers/etek+labs
Etron,https://www.driverscape.com/manufacturers/etron
ETT,https://www.driverscape.com/manufacturers/ett
Eugene Gavrilov,https://www.driverscape.com/manufacturers/eugene+gavrilov
EuMus Design,https://www.driverscape.com/manufacturers/eumus+design
Euresys,https://www.driverscape.com/manufacturers/euresys
Euro Plus,https://www.driverscape.com/manufacturers/euro+plus
EUROCOM,https://www.driverscape.com/manufacturers/eurocom
EUROLITE,https://www.driverscape.com/manufacturers/eurolite
Euromex Microscopen Bv,https://www.driverscape.com/manufacturers/euromex+microscopen+bv
Europlus,https://www.driverscape.com/manufacturers/europlus
Eurotech,https://www.driverscape.com/manufacturers/eurotech
Eurydice Informatique,https://www.driverscape.com/manufacturers/eurydice+informatique
Eutron,https://www.driverscape.com/manufacturers/eutron
EVDO Modem,https://www.driverscape.com/manufacturers/evdo+modem
Everex,https://www.driverscape.com/manufacturers/everex
Eveshamvale,https://www.driverscape.com/manufacturers/eveshamvale
EVGA,https://www.driverscape.com/manufacturers/evga
EVision MEGApro,https://www.driverscape.com/manufacturers/evision+megapro
Evolio,https://www.driverscape.com/manufacturers/evolio
Evolis Card Printer,https://www.driverscape.com/manufacturers/evolis+card+printer
Evoluent,https://www.driverscape.com/manufacturers/evoluent
Evolute,https://www.driverscape.com/manufacturers/evolute
Evolute PC,https://www.driverscape.com/manufacturers/evolute+pc
Evolution,https://www.driverscape.com/manufacturers/evolution
Exar,https://www.driverscape.com/manufacturers/exar
EXCIMER-DM,https://www.driverscape.com/manufacturers/excimer-dm
Exclusive,https://www.driverscape.com/manufacturers/exclusive
EXCLUSIVE PC,https://www.driverscape.com/manufacturers/exclusive+pc
EXCLUSIVEPC,https://www.driverscape.com/manufacturers/exclusivepc
EXFO Electro-Optical Engineering,https://www.driverscape.com/manufacturers/exfo+electro-optical+engineering
EXO,https://www.driverscape.com/manufacturers/exo
Exone,https://www.driverscape.com/manufacturers/exone
EXOPC,https://www.driverscape.com/manufacturers/exopc
Exper,https://www.driverscape.com/manufacturers/exper
Extracomputer,https://www.driverscape.com/manufacturers/extracomputer
EyeTech Digital,https://www.driverscape.com/manufacturers/eyetech+digital
EZ Display,https://www.driverscape.com/manufacturers/ez+display
EZY Infotech (pvt),https://www.driverscape.com/manufacturers/ezy+infotech+%28pvt%29
Falcom,https://www.driverscape.com/manufacturers/falcom
Fargo,https://www.driverscape.com/manufacturers/fargo
FARO,https://www.driverscape.com/manufacturers/faro
Fasy,https://www.driverscape.com/manufacturers/fasy
FEC,https://www.driverscape.com/manufacturers/fec
Fedict,https://www.driverscape.com/manufacturers/fedict
FEIG ELECTRONIC,https://www.driverscape.com/manufacturers/feig+electronic
Felipe Andres Delgado,https://www.driverscape.com/manufacturers/felipe+andres+delgado
FENIX,https://www.driverscape.com/manufacturers/fenix
FIC,https://www.driverscape.com/manufacturers/fic
FiiO,https://www.driverscape.com/manufacturers/fiio
FileStream,https://www.driverscape.com/manufacturers/filestream
Film Scanner WIA Vendor,https://www.driverscape.com/manufacturers/film+scanner+wia+vendor
FinePoint Innovations,https://www.driverscape.com/manufacturers/finepoint+innovations
FINTEK,https://www.driverscape.com/manufacturers/fintek
